
{"items":[{"name":"Toems_ApplicationApi","href":"Toems_ApplicationApi.html","topicHref":"Toems_ApplicationApi.html","topicUid":"Toems_ApplicationApi","items":[{"name":"ApplicationStrings","href":"Toems_ApplicationApi.ApplicationStrings.html","topicHref":"Toems_ApplicationApi.ApplicationStrings.html","topicUid":"Toems_ApplicationApi.ApplicationStrings"},{"name":"CustomAuthenticationTokenProvider","href":"Toems_ApplicationApi.CustomAuthenticationTokenProvider.html","topicHref":"Toems_ApplicationApi.CustomAuthenticationTokenProvider.html","topicUid":"Toems_ApplicationApi.CustomAuthenticationTokenProvider"},{"name":"SimpleAuthorizationServerProvider","href":"Toems_ApplicationApi.SimpleAuthorizationServerProvider.html","topicHref":"Toems_ApplicationApi.SimpleAuthorizationServerProvider.html","topicUid":"Toems_ApplicationApi.SimpleAuthorizationServerProvider"},{"name":"Startup","href":"Toems_ApplicationApi.Startup.html","topicHref":"Toems_ApplicationApi.Startup.html","topicUid":"Toems_ApplicationApi.Startup"},{"name":"SwaggerConfig","href":"Toems_ApplicationApi.SwaggerConfig.html","topicHref":"Toems_ApplicationApi.SwaggerConfig.html","topicUid":"Toems_ApplicationApi.SwaggerConfig"},{"name":"WebApiApplication","href":"Toems_ApplicationApi.WebApiApplication.html","topicHref":"Toems_ApplicationApi.WebApiApplication.html","topicUid":"Toems_ApplicationApi.WebApiApplication"},{"name":"WebApiConfig","href":"Toems_ApplicationApi.WebApiConfig.html","topicHref":"Toems_ApplicationApi.WebApiConfig.html","topicUid":"Toems_ApplicationApi.WebApiConfig"}]},{"name":"Toems_ApplicationApi.Controllers","href":"Toems_ApplicationApi.Controllers.html","topicHref":"Toems_ApplicationApi.Controllers.html","topicUid":"Toems_ApplicationApi.Controllers","items":[{"name":"ActiveImagingTaskController","href":"Toems_ApplicationApi.Controllers.ActiveImagingTaskController.html","topicHref":"Toems_ApplicationApi.Controllers.ActiveImagingTaskController.html","topicUid":"Toems_ApplicationApi.Controllers.ActiveImagingTaskController"},{"name":"ActiveMulticastSessionController","href":"Toems_ApplicationApi.Controllers.ActiveMulticastSessionController.html","topicHref":"Toems_ApplicationApi.Controllers.ActiveMulticastSessionController.html","topicUid":"Toems_ApplicationApi.Controllers.ActiveMulticastSessionController"},{"name":"ApprovalRequestController","href":"Toems_ApplicationApi.Controllers.ApprovalRequestController.html","topicHref":"Toems_ApplicationApi.Controllers.ApprovalRequestController.html","topicUid":"Toems_ApplicationApi.Controllers.ApprovalRequestController"},{"name":"AssetAttributeController","href":"Toems_ApplicationApi.Controllers.AssetAttributeController.html","topicHref":"Toems_ApplicationApi.Controllers.AssetAttributeController.html","topicUid":"Toems_ApplicationApi.Controllers.AssetAttributeController"},{"name":"AssetCategoryController","href":"Toems_ApplicationApi.Controllers.AssetCategoryController.html","topicHref":"Toems_ApplicationApi.Controllers.AssetCategoryController.html","topicUid":"Toems_ApplicationApi.Controllers.AssetCategoryController"},{"name":"AssetController","href":"Toems_ApplicationApi.Controllers.AssetController.html","topicHref":"Toems_ApplicationApi.Controllers.AssetController.html","topicUid":"Toems_ApplicationApi.Controllers.AssetController"},{"name":"AssetGroupController","href":"Toems_ApplicationApi.Controllers.AssetGroupController.html","topicHref":"Toems_ApplicationApi.Controllers.AssetGroupController.html","topicUid":"Toems_ApplicationApi.Controllers.AssetGroupController"},{"name":"AssetGroupMemberController","href":"Toems_ApplicationApi.Controllers.AssetGroupMemberController.html","topicHref":"Toems_ApplicationApi.Controllers.AssetGroupMemberController.html","topicUid":"Toems_ApplicationApi.Controllers.AssetGroupMemberController"},{"name":"AttachmentController","href":"Toems_ApplicationApi.Controllers.AttachmentController.html","topicHref":"Toems_ApplicationApi.Controllers.AttachmentController.html","topicUid":"Toems_ApplicationApi.Controllers.AttachmentController"},{"name":"AuthorizationController","href":"Toems_ApplicationApi.Controllers.AuthorizationController.html","topicHref":"Toems_ApplicationApi.Controllers.AuthorizationController.html","topicUid":"Toems_ApplicationApi.Controllers.AuthorizationController"},{"name":"CategoryController","href":"Toems_ApplicationApi.Controllers.CategoryController.html","topicHref":"Toems_ApplicationApi.Controllers.CategoryController.html","topicUid":"Toems_ApplicationApi.Controllers.CategoryController"},{"name":"CertificateInventoryController","href":"Toems_ApplicationApi.Controllers.CertificateInventoryController.html","topicHref":"Toems_ApplicationApi.Controllers.CertificateInventoryController.html","topicUid":"Toems_ApplicationApi.Controllers.CertificateInventoryController"},{"name":"ClientComServerController","href":"Toems_ApplicationApi.Controllers.ClientComServerController.html","topicHref":"Toems_ApplicationApi.Controllers.ClientComServerController.html","topicUid":"Toems_ApplicationApi.Controllers.ClientComServerController"},{"name":"ComClusterServerController","href":"Toems_ApplicationApi.Controllers.ComClusterServerController.html","topicHref":"Toems_ApplicationApi.Controllers.ComClusterServerController.html","topicUid":"Toems_ApplicationApi.Controllers.ComClusterServerController"},{"name":"CommandModuleController","href":"Toems_ApplicationApi.Controllers.CommandModuleController.html","topicHref":"Toems_ApplicationApi.Controllers.CommandModuleController.html","topicUid":"Toems_ApplicationApi.Controllers.CommandModuleController"},{"name":"ComputerController","href":"Toems_ApplicationApi.Controllers.ComputerController.html","topicHref":"Toems_ApplicationApi.Controllers.ComputerController.html","topicUid":"Toems_ApplicationApi.Controllers.ComputerController"},{"name":"ComputerLogController","href":"Toems_ApplicationApi.Controllers.ComputerLogController.html","topicHref":"Toems_ApplicationApi.Controllers.ComputerLogController.html","topicUid":"Toems_ApplicationApi.Controllers.ComputerLogController"},{"name":"ComServerClusterController","href":"Toems_ApplicationApi.Controllers.ComServerClusterController.html","topicHref":"Toems_ApplicationApi.Controllers.ComServerClusterController.html","topicUid":"Toems_ApplicationApi.Controllers.ComServerClusterController"},{"name":"CustomAssetTypeController","href":"Toems_ApplicationApi.Controllers.CustomAssetTypeController.html","topicHref":"Toems_ApplicationApi.Controllers.CustomAssetTypeController.html","topicUid":"Toems_ApplicationApi.Controllers.CustomAssetTypeController"},{"name":"CustomAttributeController","href":"Toems_ApplicationApi.Controllers.CustomAttributeController.html","topicHref":"Toems_ApplicationApi.Controllers.CustomAttributeController.html","topicUid":"Toems_ApplicationApi.Controllers.CustomAttributeController"},{"name":"CustomBootMenuController","href":"Toems_ApplicationApi.Controllers.CustomBootMenuController.html","topicHref":"Toems_ApplicationApi.Controllers.CustomBootMenuController.html","topicUid":"Toems_ApplicationApi.Controllers.CustomBootMenuController"},{"name":"CustomComputerAttributeController","href":"Toems_ApplicationApi.Controllers.CustomComputerAttributeController.html","topicHref":"Toems_ApplicationApi.Controllers.CustomComputerAttributeController.html","topicUid":"Toems_ApplicationApi.Controllers.CustomComputerAttributeController"},{"name":"ExternalDownloadController","href":"Toems_ApplicationApi.Controllers.ExternalDownloadController.html","topicHref":"Toems_ApplicationApi.Controllers.ExternalDownloadController.html","topicUid":"Toems_ApplicationApi.Controllers.ExternalDownloadController"},{"name":"FileCopyModuleController","href":"Toems_ApplicationApi.Controllers.FileCopyModuleController.html","topicHref":"Toems_ApplicationApi.Controllers.FileCopyModuleController.html","topicUid":"Toems_ApplicationApi.Controllers.FileCopyModuleController"},{"name":"FileSystemController","href":"Toems_ApplicationApi.Controllers.FileSystemController.html","topicHref":"Toems_ApplicationApi.Controllers.FileSystemController.html","topicUid":"Toems_ApplicationApi.Controllers.FileSystemController"},{"name":"GroupCategoryController","href":"Toems_ApplicationApi.Controllers.GroupCategoryController.html","topicHref":"Toems_ApplicationApi.Controllers.GroupCategoryController.html","topicUid":"Toems_ApplicationApi.Controllers.GroupCategoryController"},{"name":"GroupController","href":"Toems_ApplicationApi.Controllers.GroupController.html","topicHref":"Toems_ApplicationApi.Controllers.GroupController.html","topicUid":"Toems_ApplicationApi.Controllers.GroupController"},{"name":"GroupMembershipController","href":"Toems_ApplicationApi.Controllers.GroupMembershipController.html","topicHref":"Toems_ApplicationApi.Controllers.GroupMembershipController.html","topicUid":"Toems_ApplicationApi.Controllers.GroupMembershipController"},{"name":"GroupPolicyController","href":"Toems_ApplicationApi.Controllers.GroupPolicyController.html","topicHref":"Toems_ApplicationApi.Controllers.GroupPolicyController.html","topicUid":"Toems_ApplicationApi.Controllers.GroupPolicyController"},{"name":"HangfireTriggerController","href":"Toems_ApplicationApi.Controllers.HangfireTriggerController.html","topicHref":"Toems_ApplicationApi.Controllers.HangfireTriggerController.html","topicUid":"Toems_ApplicationApi.Controllers.HangfireTriggerController"},{"name":"ImageCategoryController","href":"Toems_ApplicationApi.Controllers.ImageCategoryController.html","topicHref":"Toems_ApplicationApi.Controllers.ImageCategoryController.html","topicUid":"Toems_ApplicationApi.Controllers.ImageCategoryController"},{"name":"ImageController","href":"Toems_ApplicationApi.Controllers.ImageController.html","topicHref":"Toems_ApplicationApi.Controllers.ImageController.html","topicUid":"Toems_ApplicationApi.Controllers.ImageController"},{"name":"ImageProfileController","href":"Toems_ApplicationApi.Controllers.ImageProfileController.html","topicHref":"Toems_ApplicationApi.Controllers.ImageProfileController.html","topicUid":"Toems_ApplicationApi.Controllers.ImageProfileController"},{"name":"ImageProfileFileCopyController","href":"Toems_ApplicationApi.Controllers.ImageProfileFileCopyController.html","topicHref":"Toems_ApplicationApi.Controllers.ImageProfileFileCopyController.html","topicUid":"Toems_ApplicationApi.Controllers.ImageProfileFileCopyController"},{"name":"ImageProfileScriptController","href":"Toems_ApplicationApi.Controllers.ImageProfileScriptController.html","topicHref":"Toems_ApplicationApi.Controllers.ImageProfileScriptController.html","topicUid":"Toems_ApplicationApi.Controllers.ImageProfileScriptController"},{"name":"ImageProfileSysprepController","href":"Toems_ApplicationApi.Controllers.ImageProfileSysprepController.html","topicHref":"Toems_ApplicationApi.Controllers.ImageProfileSysprepController.html","topicUid":"Toems_ApplicationApi.Controllers.ImageProfileSysprepController"},{"name":"ImageProfileTemplateController","href":"Toems_ApplicationApi.Controllers.ImageProfileTemplateController.html","topicHref":"Toems_ApplicationApi.Controllers.ImageProfileTemplateController.html","topicUid":"Toems_ApplicationApi.Controllers.ImageProfileTemplateController"},{"name":"ImageSchemaController","href":"Toems_ApplicationApi.Controllers.ImageSchemaController.html","topicHref":"Toems_ApplicationApi.Controllers.ImageSchemaController.html","topicUid":"Toems_ApplicationApi.Controllers.ImageSchemaController"},{"name":"ImpersonationAccountController","href":"Toems_ApplicationApi.Controllers.ImpersonationAccountController.html","topicHref":"Toems_ApplicationApi.Controllers.ImpersonationAccountController.html","topicUid":"Toems_ApplicationApi.Controllers.ImpersonationAccountController"},{"name":"MessageModuleController","href":"Toems_ApplicationApi.Controllers.MessageModuleController.html","topicHref":"Toems_ApplicationApi.Controllers.MessageModuleController.html","topicUid":"Toems_ApplicationApi.Controllers.MessageModuleController"},{"name":"ModuleCategoryController","href":"Toems_ApplicationApi.Controllers.ModuleCategoryController.html","topicHref":"Toems_ApplicationApi.Controllers.ModuleCategoryController.html","topicUid":"Toems_ApplicationApi.Controllers.ModuleCategoryController"},{"name":"ModuleController","href":"Toems_ApplicationApi.Controllers.ModuleController.html","topicHref":"Toems_ApplicationApi.Controllers.ModuleController.html","topicUid":"Toems_ApplicationApi.Controllers.ModuleController"},{"name":"OnlineKernelController","href":"Toems_ApplicationApi.Controllers.OnlineKernelController.html","topicHref":"Toems_ApplicationApi.Controllers.OnlineKernelController.html","topicUid":"Toems_ApplicationApi.Controllers.OnlineKernelController"},{"name":"PinnedGroupController","href":"Toems_ApplicationApi.Controllers.PinnedGroupController.html","topicHref":"Toems_ApplicationApi.Controllers.PinnedGroupController.html","topicUid":"Toems_ApplicationApi.Controllers.PinnedGroupController"},{"name":"PinnedPolicyController","href":"Toems_ApplicationApi.Controllers.PinnedPolicyController.html","topicHref":"Toems_ApplicationApi.Controllers.PinnedPolicyController.html","topicUid":"Toems_ApplicationApi.Controllers.PinnedPolicyController"},{"name":"PolicyCategoryController","href":"Toems_ApplicationApi.Controllers.PolicyCategoryController.html","topicHref":"Toems_ApplicationApi.Controllers.PolicyCategoryController.html","topicUid":"Toems_ApplicationApi.Controllers.PolicyCategoryController"},{"name":"PolicyComServerController","href":"Toems_ApplicationApi.Controllers.PolicyComServerController.html","topicHref":"Toems_ApplicationApi.Controllers.PolicyComServerController.html","topicUid":"Toems_ApplicationApi.Controllers.PolicyComServerController"},{"name":"PolicyController","href":"Toems_ApplicationApi.Controllers.PolicyController.html","topicHref":"Toems_ApplicationApi.Controllers.PolicyController.html","topicUid":"Toems_ApplicationApi.Controllers.PolicyController"},{"name":"PolicyModulesController","href":"Toems_ApplicationApi.Controllers.PolicyModulesController.html","topicHref":"Toems_ApplicationApi.Controllers.PolicyModulesController.html","topicUid":"Toems_ApplicationApi.Controllers.PolicyModulesController"},{"name":"PrinterModuleController","href":"Toems_ApplicationApi.Controllers.PrinterModuleController.html","topicHref":"Toems_ApplicationApi.Controllers.PrinterModuleController.html","topicUid":"Toems_ApplicationApi.Controllers.PrinterModuleController"},{"name":"ProcessInventoryController","href":"Toems_ApplicationApi.Controllers.ProcessInventoryController.html","topicHref":"Toems_ApplicationApi.Controllers.ProcessInventoryController.html","topicUid":"Toems_ApplicationApi.Controllers.ProcessInventoryController"},{"name":"RemoteAccessController","href":"Toems_ApplicationApi.Controllers.RemoteAccessController.html","topicHref":"Toems_ApplicationApi.Controllers.RemoteAccessController.html","topicUid":"Toems_ApplicationApi.Controllers.RemoteAccessController"},{"name":"ReportController","href":"Toems_ApplicationApi.Controllers.ReportController.html","topicHref":"Toems_ApplicationApi.Controllers.ReportController.html","topicUid":"Toems_ApplicationApi.Controllers.ReportController"},{"name":"ResetRequestController","href":"Toems_ApplicationApi.Controllers.ResetRequestController.html","topicHref":"Toems_ApplicationApi.Controllers.ResetRequestController.html","topicUid":"Toems_ApplicationApi.Controllers.ResetRequestController"},{"name":"ScheduleController","href":"Toems_ApplicationApi.Controllers.ScheduleController.html","topicHref":"Toems_ApplicationApi.Controllers.ScheduleController.html","topicUid":"Toems_ApplicationApi.Controllers.ScheduleController"},{"name":"ScriptModuleController","href":"Toems_ApplicationApi.Controllers.ScriptModuleController.html","topicHref":"Toems_ApplicationApi.Controllers.ScriptModuleController.html","topicUid":"Toems_ApplicationApi.Controllers.ScriptModuleController"},{"name":"SettingController","href":"Toems_ApplicationApi.Controllers.SettingController.html","topicHref":"Toems_ApplicationApi.Controllers.SettingController.html","topicUid":"Toems_ApplicationApi.Controllers.SettingController"},{"name":"SetupCompleteFileController","href":"Toems_ApplicationApi.Controllers.SetupCompleteFileController.html","topicHref":"Toems_ApplicationApi.Controllers.SetupCompleteFileController.html","topicUid":"Toems_ApplicationApi.Controllers.SetupCompleteFileController"},{"name":"SoftwareAssetSoftwareController","href":"Toems_ApplicationApi.Controllers.SoftwareAssetSoftwareController.html","topicHref":"Toems_ApplicationApi.Controllers.SoftwareAssetSoftwareController.html","topicUid":"Toems_ApplicationApi.Controllers.SoftwareAssetSoftwareController"},{"name":"SoftwareInventoryController","href":"Toems_ApplicationApi.Controllers.SoftwareInventoryController.html","topicHref":"Toems_ApplicationApi.Controllers.SoftwareInventoryController.html","topicUid":"Toems_ApplicationApi.Controllers.SoftwareInventoryController"},{"name":"SoftwareModuleController","href":"Toems_ApplicationApi.Controllers.SoftwareModuleController.html","topicHref":"Toems_ApplicationApi.Controllers.SoftwareModuleController.html","topicUid":"Toems_ApplicationApi.Controllers.SoftwareModuleController"},{"name":"SysprepAnswerFileController","href":"Toems_ApplicationApi.Controllers.SysprepAnswerFileController.html","topicHref":"Toems_ApplicationApi.Controllers.SysprepAnswerFileController.html","topicUid":"Toems_ApplicationApi.Controllers.SysprepAnswerFileController"},{"name":"SysprepModuleController","href":"Toems_ApplicationApi.Controllers.SysprepModuleController.html","topicHref":"Toems_ApplicationApi.Controllers.SysprepModuleController.html","topicUid":"Toems_ApplicationApi.Controllers.SysprepModuleController"},{"name":"ToecDeployJobController","href":"Toems_ApplicationApi.Controllers.ToecDeployJobController.html","topicHref":"Toems_ApplicationApi.Controllers.ToecDeployJobController.html","topicUid":"Toems_ApplicationApi.Controllers.ToecDeployJobController"},{"name":"ToecDeployTargetListController","href":"Toems_ApplicationApi.Controllers.ToecDeployTargetListController.html","topicHref":"Toems_ApplicationApi.Controllers.ToecDeployTargetListController.html","topicUid":"Toems_ApplicationApi.Controllers.ToecDeployTargetListController"},{"name":"TokenController","href":"Toems_ApplicationApi.Controllers.TokenController.html","topicHref":"Toems_ApplicationApi.Controllers.TokenController.html","topicUid":"Toems_ApplicationApi.Controllers.TokenController"},{"name":"UploadController","href":"Toems_ApplicationApi.Controllers.UploadController.html","topicHref":"Toems_ApplicationApi.Controllers.UploadController.html","topicUid":"Toems_ApplicationApi.Controllers.UploadController"},{"name":"UploadedFileController","href":"Toems_ApplicationApi.Controllers.UploadedFileController.html","topicHref":"Toems_ApplicationApi.Controllers.UploadedFileController.html","topicUid":"Toems_ApplicationApi.Controllers.UploadedFileController"},{"name":"UserController","href":"Toems_ApplicationApi.Controllers.UserController.html","topicHref":"Toems_ApplicationApi.Controllers.UserController.html","topicUid":"Toems_ApplicationApi.Controllers.UserController"},{"name":"UserGroupController","href":"Toems_ApplicationApi.Controllers.UserGroupController.html","topicHref":"Toems_ApplicationApi.Controllers.UserGroupController.html","topicUid":"Toems_ApplicationApi.Controllers.UserGroupController"},{"name":"UserGroupMembershipController","href":"Toems_ApplicationApi.Controllers.UserGroupMembershipController.html","topicHref":"Toems_ApplicationApi.Controllers.UserGroupMembershipController.html","topicUid":"Toems_ApplicationApi.Controllers.UserGroupMembershipController"},{"name":"UserGroupRightController","href":"Toems_ApplicationApi.Controllers.UserGroupRightController.html","topicHref":"Toems_ApplicationApi.Controllers.UserGroupRightController.html","topicUid":"Toems_ApplicationApi.Controllers.UserGroupRightController"},{"name":"UserRightController","href":"Toems_ApplicationApi.Controllers.UserRightController.html","topicHref":"Toems_ApplicationApi.Controllers.UserRightController.html","topicUid":"Toems_ApplicationApi.Controllers.UserRightController"},{"name":"VersionController","href":"Toems_ApplicationApi.Controllers.VersionController.html","topicHref":"Toems_ApplicationApi.Controllers.VersionController.html","topicUid":"Toems_ApplicationApi.Controllers.VersionController"},{"name":"WieBuildController","href":"Toems_ApplicationApi.Controllers.WieBuildController.html","topicHref":"Toems_ApplicationApi.Controllers.WieBuildController.html","topicUid":"Toems_ApplicationApi.Controllers.WieBuildController"},{"name":"WinPeModuleController","href":"Toems_ApplicationApi.Controllers.WinPeModuleController.html","topicHref":"Toems_ApplicationApi.Controllers.WinPeModuleController.html","topicUid":"Toems_ApplicationApi.Controllers.WinPeModuleController"},{"name":"WolRelayController","href":"Toems_ApplicationApi.Controllers.WolRelayController.html","topicHref":"Toems_ApplicationApi.Controllers.WolRelayController.html","topicUid":"Toems_ApplicationApi.Controllers.WolRelayController"},{"name":"WuModuleController","href":"Toems_ApplicationApi.Controllers.WuModuleController.html","topicHref":"Toems_ApplicationApi.Controllers.WuModuleController.html","topicUid":"Toems_ApplicationApi.Controllers.WuModuleController"}]},{"name":"Toems_ApplicationApi.Controllers.Authorization","href":"Toems_ApplicationApi.Controllers.Authorization.html","topicHref":"Toems_ApplicationApi.Controllers.Authorization.html","topicUid":"Toems_ApplicationApi.Controllers.Authorization","items":[{"name":"ComputerAuthAttribute","href":"Toems_ApplicationApi.Controllers.Authorization.ComputerAuthAttribute.html","topicHref":"Toems_ApplicationApi.Controllers.Authorization.ComputerAuthAttribute.html","topicUid":"Toems_ApplicationApi.Controllers.Authorization.ComputerAuthAttribute"},{"name":"CustomAuthAttribute","href":"Toems_ApplicationApi.Controllers.Authorization.CustomAuthAttribute.html","topicHref":"Toems_ApplicationApi.Controllers.Authorization.CustomAuthAttribute.html","topicUid":"Toems_ApplicationApi.Controllers.Authorization.CustomAuthAttribute"},{"name":"GroupAuthAttribute","href":"Toems_ApplicationApi.Controllers.Authorization.GroupAuthAttribute.html","topicHref":"Toems_ApplicationApi.Controllers.Authorization.GroupAuthAttribute.html","topicUid":"Toems_ApplicationApi.Controllers.Authorization.GroupAuthAttribute"},{"name":"ImageAuthAttribute","href":"Toems_ApplicationApi.Controllers.Authorization.ImageAuthAttribute.html","topicHref":"Toems_ApplicationApi.Controllers.Authorization.ImageAuthAttribute.html","topicUid":"Toems_ApplicationApi.Controllers.Authorization.ImageAuthAttribute"}]}],"memberLayout":"SamePage"}